frameNumber,angle,numObj
4,146.45322419176682,4
5,85.67871444435289,4
7,-34.91752194507327,4
1,-25.50913802682072,3
2,-90.68975437805922,3
3,-153.7235048221959,2
6,26.578375112766444,2
8,-97.82662405479078,1
9,-161.62825841518855,0
